{"192.168.2.25": {"max": 42.22425314473262, "current": 47, "play": false, "mcpu": 92.28571428571429}}